{
  "results": [
    {
      "command": "python3 ../../oblig2/effektive_mengder/main.py < effektive-mengder-ressursside/inputs/input_10000 cmp - effektive-mengder-ressursside/outputs/output_10000",
      "mean": 39.240153104140006,
      "stddev": 2.199923187045418,
      "median": 38.82932989574,
      "user": 39.18819502,
      "system": 0.019311259999999997,
      "min": 37.146304360740004,
      "max": 44.28524398874,
      "times": [
        38.89686442674,
        39.11803342974,
        41.38729200174,
        44.28524398874,
        39.97683757774,
        37.146304360740004,
        38.76179536474,
        37.60196169874,
        37.27426829374,
        37.95292989874
      ],
      "exit_codes": [
        0,
        0,
        0,
        0,
        0,
        0,
        0,
        0,
        0,
        0
      ]
    }
  ]
}
