{
  "results": [
    {
      "command": "python3 ../../oblig2/effektive_mengder/main.py < effektive-mengder-ressursside/inputs/input_10000 cmp - effektive-mengder-ressursside/outputs/output_10000",
      "mean": 0.19799375119999998,
      "stddev": 0.008122065825293139,
      "median": 0.1954385986,
      "user": 0.18908394,
      "system": 0.008661666666666668,
      "min": 0.19087994060000002,
      "max": 0.22186418060000002,
      "times": [
        0.19844371360000002,
        0.20338697560000002,
        0.20678794360000002,
        0.20321632760000002,
        0.22186418060000002,
        0.1935855596,
        0.19647228160000002,
        0.19087994060000002,
        0.19279482760000002,
        0.19384082960000001,
        0.1926630216,
        0.1955821476,
        0.1954385986,
        0.1933544976,
        0.1915954226
      ],
      "exit_codes": [
        0,
        0,
        0,
        0,
        0,
        0,
        0,
        0,
        0,
        0,
        0,
        0,
        0,
        0,
        0
      ]
    }
  ]
}
