{
  "results": [
    {
      "command": "java Main < effektive-mengder-ressursside/inputs/input_10000 | cmp - effektive-mengder-ressursside/outputs/output_10000",
      "mean": 0.21085682164,
      "stddev": 0.02290293609534143,
      "median": 0.20221866364000002,
      "user": 0.49329481999999997,
      "system": 0.05930842285714286,
      "min": 0.18849117514,
      "max": 0.27124955214,
      "times": [
        0.20021334614,
        0.18849117514,
        0.23582800814000002,
        0.22792155014,
        0.20599663714,
        0.19473107114,
        0.22524435014,
        0.21911304014,
        0.19493514914,
        0.19525180214,
        0.27124955214,
        0.20422398114,
        0.19537169014,
        0.19342415014
      ],
      "exit_codes": [
        0,
        0,
        0,
        0,
        0,
        0,
        0,
        0,
        0,
        0,
        0,
        0,
        0,
        0
      ]
    }
  ]
}
