{
  "results": [
    {
      "command": "java Main < effektive-mengder-ressursside/inputs/input_10000",
      "mean": 0.2639177651666667,
      "stddev": 0.04698717773667941,
      "median": 0.2546108615,
      "user": 0.38616595000000004,
      "system": 0.05880492333333332,
      "min": 0.19260866050000003,
      "max": 0.34424312850000005,
      "times": [
        0.24165673450000003,
        0.2493333485,
        0.3359635515,
        0.34424312850000005,
        0.2598883745,
        0.30410741750000003,
        0.28554831950000004,
        0.23403311850000003,
        0.21673733450000002,
        0.2771396595,
        0.19260866050000003,
        0.22575353450000002
      ],
      "exit_codes": [
        0,
        0,
        0,
        0,
        0,
        0,
        0,
        0,
        0,
        0,
        0,
        0
      ]
    },
    {
      "command": "python3 ../../oblig2/effektive_mengder/main_bst.py < effektive-mengder-ressursside/inputs/input_10000",
      "mean": 0.3273167578,
      "stddev": 0.03547026536346802,
      "median": 0.314440819,
      "user": 0.13761810000000002,
      "system": 0.021458972,
      "min": 0.29257926250000005,
      "max": 0.4122621905,
      "times": [
        0.3092848085,
        0.29257926250000005,
        0.30828159650000003,
        0.3536816005,
        0.34637257650000003,
        0.4122621905,
        0.3068033895,
        0.30178867350000005,
        0.3195968295,
        0.3225166505
      ],
      "exit_codes": [
        0,
        0,
        0,
        0,
        0,
        0,
        0,
        0,
        0,
        0
      ]
    },
    {
      "command": "python3 ../../oblig2/effektive_mengder/main_avl.py < effektive-mengder-ressursside/inputs/input_10000",
      "mean": 28.013288560699998,
      "stddev": 0.8476985567967584,
      "median": 28.048886052,
      "user": 27.811993100000006,
      "system": 0.04252234,
      "min": 26.7620696865,
      "max": 29.1197714865,
      "times": [
        29.1197714865,
        28.680666739499998,
        28.5519220505,
        27.4685140695,
        27.3361622835,
        27.1172685425,
        26.7620696865,
        27.545850053499997,
        28.7310723515,
        28.819588343499998
      ],
      "exit_codes": [
        0,
        0,
        0,
        0,
        0,
        0,
        0,
        0,
        0,
        0
      ]
    }
  ]
}
